note_id,project_id,y,tier,rk,block,annotators,title_how,body_truncated,skipped_questions,raw_md5
NRT_phase2_recuYyYJm2MuYC,NRT_phase2,1,大爆,1,1,AC,colon,0,,a4f734b982e5bc6303dc2fcc8ca11910
NRT_phase2_recuXp4TjZJ1mu,NRT_phase2,1,爆,5,1,AC,colon,0,,34a32b4c32077b00290f5d669ae434cd
NRT_phase2_recuZ8QQXiae2a,NRT_phase2,1,爆,9,1,AC,colon,0,,2beb3fb7a3e42c3dad4e3dbb1199f46a
NRT_phase2_recuZkJtsfPTQl,NRT_phase2,0,趴,3,1,AC,colon,0,,6809322bfe6c24b86dac177cac085c86
NRT_phase2_recuZkJtsfhvnx,NRT_phase2,0,趴,7,1,AC,colon,0,,404ca8077464e5c2590c93391ce62fdb
NRT_phase3_recv1v9lLXTgAf,NRT_phase3,1,大爆,1,1,AC,colon,0,,8ecc1b640148a87ccdda409c7253183c
NRT_phase3_recv1v9lLXArh6,NRT_phase3,1,爆,5,1,AC,colon,0,,c397d41c266888604e2e62cd1b1e722c
NRT_phase3_recv4TDoP6PLAE,NRT_phase3,1,爆,9,1,AC,colon,0,,cb454661bb0ad5f3a9bb393ae7a20611
NRT_phase3_recv4TC4JgofIx,NRT_phase3,0,趴,3,1,AC,colon,0,,b215d8aed3747ebc9fe5ac1d909f6e91
NRT_phase3_recv1A3EXVZLGU,NRT_phase3,0,趴,7,1,AC,colon,0,,2c34f33f305d8340c79f06c3b7ada7c4
NUC_phase1_recv4LUeQWvDEd,NUC_phase1,1,爆,1,1,AC,colon,0,,31fb5e4452e9737208bdef936374124f
NUC_phase1_recv2Z8m1lpGw1,NUC_phase1,1,爆,5,1,AC,colon,0,,952945890e2e92422608e9f825574e4b
NUC_phase1_recv3JWU20d8TP,NUC_phase1,1,大爆,9,1,AC,colon,0,,b7b01074a508271ef5880e4da1eb01ed
NUC_phase1_recv2Z8m1l4wUd,NUC_phase1,0,趴,3,1,AC,colon,0,,911cc75e2516e887da530e9e9be0993b
NUC_phase1_recv2xd6lzC7a0,NUC_phase1,0,趴,7,1,AC,colon,0,,0afe2c6c340315a01226455e04c817f9
OKMAN_phase1_recvnBz7VKNxqT,OKMAN_phase1,1,爆,1,1,AC,bracket,0,,c62fbbb0e97a6c839e134a8d93a13c2f
OKMAN_phase1_recvmpA0N0zZng,OKMAN_phase1,1,大爆,5,1,AC,bracket,0,,ea9058405a8c50bb1931349e907eb77e
OKMAN_phase1_recvqtis0iPO6T,OKMAN_phase1,1,爆,9,1,AC,bracket,0,,37bcec285c1f735a9240e44bce6d39db
OKMAN_phase1_recvrd83rmaspe,OKMAN_phase1,0,趴,3,1,AC,bracket,0,,38d8f17980360acad214a7f5c4c6b3a1
OKMAN_phase1_recvoEvW6RrpbZ,OKMAN_phase1,0,趴,7,1,AC,bracket,0,,b894ce8001e87107dea427658c0b7bbf
SPX_phase1_recvrojVKWoBzU,SPX_phase1,1,大爆,1,1,AC,bracket,0,,956b223774eb4ba2051e90e214264ae5
SPX_phase1_recvuwbllHNBgv,SPX_phase1,1,爆,5,1,AC,bracket,0,,a7e25b2d0f9110c81bc270bdc0ca2579
SPX_phase1_recvtWVFOW0mGs,SPX_phase1,1,爆,9,1,AC,bracket,0,,70d991faeb5b6e1e901464e10986c9c0
SPX_phase1_recvsxkitAfnoK,SPX_phase1,0,趴,3,1,AC,bracket,0,,d85c5806c3d601c8a9239d7cdff1eac0
SPX_phase1_recvqVAd4GvnCd,SPX_phase1,0,趴,7,1,AC,bracket,0,,2767a9db2aa7aa592e710f3ff537df9e
NRT_phase2_recuYyYJm2KerZ,NRT_phase2,1,爆,2,2,AB,colon,0,,bb4eb6c2701d6a927f46b3addc2a71a0
NRT_phase2_recuXYC07aiPXm,NRT_phase2,1,大爆,6,2,AB,colon,0,,14e2f9a9b648eb76bf86ccaa09fbf598
NRT_phase2_recuZkIQtVBW1l,NRT_phase2,1,爆,10,2,AB,colon,0,,4feb5e99445db6f8467ef976caeda6f0
NRT_phase2_recuZ8Lij7vGAj,NRT_phase2,0,趴,4,2,AB,colon,0,,22d3cf57af81898f7537d2d549689208
NRT_phase2_recuYs7CP28GTg,NRT_phase2,0,趴,8,2,AB,colon,0,,701c8a07b63521bf299aeadb34a6d23a
NRT_phase3_recv1ARtq6nE06,NRT_phase3,1,爆,2,2,AB,colon,0,,c251c97be542d7600c3bbe5f5ec50d53
NRT_phase3_recv0wDwqPB9P5,NRT_phase3,1,爆,6,2,AB,colon,0,,706c3bb2aed675259372d009c5eb047b
NRT_phase3_recv1vrL72SFzE,NRT_phase3,1,大爆,10,2,AB,colon,0,,f68bf1dffae81ddea9124e460f81960a
NRT_phase3_recv0xer3flcF3,NRT_phase3,0,趴,4,2,AB,colon,0,,d684ab5b8a517d532e3fbdf8b9c4555a
NRT_phase3_recv0xer3f2I22,NRT_phase3,0,趴,8,2,AB,colon,0,,2a785f81e6d6aa47212b73b37de85f33
NUC_phase1_recv2lNktp6h13,NUC_phase1,1,爆,2,2,AB,colon,0,,09f39df5992b82cda91df8903adb1bb3
NUC_phase1_recv3K4xf09gDe,NUC_phase1,1,大爆,6,2,AB,colon,0,,ee87011cef95d59ecc89e0c3d7f91aa1
NUC_phase1_recv59erAaKllf,NUC_phase1,1,爆,10,2,AB,colon,0,,a482967e3e6d1b3076edf3ae9ed1f366
NUC_phase1_recv2Z8m1lnHwZ,NUC_phase1,0,趴,4,2,AB,colon,0,,2f6168eb7461ec14d20116ee0be264d4
NUC_phase1_recv3rSop52dZR,NUC_phase1,0,趴,8,2,AB,colon,0,,ea63223fb4c29d53ed43ef0d24cc7bb1
OKMAN_phase1_recvrd83rmeBC5,OKMAN_phase1,1,爆,2,2,AB,bracket,0,,50249a6af9d8379a53c72ce7656fb436
OKMAN_phase1_recvngg4GKkBDr,OKMAN_phase1,1,爆,6,2,AB,bracket,0,,56ea05b90e4a1de715ec7dc69cbf9832
OKMAN_phase1_recvngg4GKFMep,OKMAN_phase1,1,爆,10,2,AB,bracket,0,,1ade6584cc9aa7ddb10c33406069137d
OKMAN_phase1_recvqtis0iHKYk,OKMAN_phase1,0,趴,4,2,AB,none,0,title_is_question,3e10a54150c65699d105b2bbadfb69b7
OKMAN_phase1_recvrTMpirGoN0,OKMAN_phase1,0,趴,8,2,AB,bracket,0,,f6b159089219ef52abf0b8fc3e53c44b
SPX_phase1_recvqVAd4Gs0Lw,SPX_phase1,1,大爆,2,2,AB,bracket,0,,2b48256fd153caa149d53ee94857f3d3
SPX_phase1_recvuS8Ulp9cSB,SPX_phase1,1,大爆,6,2,AB,bracket,0,,86a0b955d86006e79737f124ce62ff5e
SPX_phase1_recvtWVFOWlNeJ,SPX_phase1,1,大爆,10,2,AB,bracket,0,,29fb11a40b732ff0b53b6900fbe9f791
SPX_phase1_recvsxkitAgg8c,SPX_phase1,0,趴,4,2,AB,bracket,0,,eafaee4e53c03be52106b475df3af7b6
SPX_phase1_recvvh0Dj273Co,SPX_phase1,0,趴,8,2,AB,bracket,0,,679f6752e09a53a4110e126a0665ba84
NRT_phase2_recuYXUhTugh5H,NRT_phase2,1,爆,3,3,B,colon,0,,6e74bbce330e1f5559a28a0e94ebf1aa
NRT_phase2_recuYyYJm2Jd3g,NRT_phase2,1,爆,7,3,B,colon,0,,e286df89961a98a2f4b5b36861c48dce
NRT_phase2_recuYWaet0zIA6,NRT_phase2,0,趴,1,3,B,colon,0,,616c39fc5143080d1a8264b0de0f0353
NRT_phase2_recuYWaet0qKaV,NRT_phase2,0,趴,5,3,B,colon,0,,75f22062c25bd15f5cae986cce691e2d
NRT_phase2_recuYVPNNnuLme,NRT_phase2,0,趴,9,3,B,colon,0,,8d0ddf6c4deae41e965b6a5fb3b1e496
NRT_phase3_recv0whF4cHJ83,NRT_phase3,1,爆,3,3,B,colon,0,,970a8dcd483258a2b7066e2438b300cb
NRT_phase3_recv4TzNlQGGW7,NRT_phase3,1,爆,7,3,B,colon,0,,e7696afe2247c6d8dd018fe2af5b4199
NRT_phase3_recv11CZ81Ug4n,NRT_phase3,0,趴,1,3,B,colon,0,,0b6ec9c4e1ed4710a806b96a4206d0de
NRT_phase3_recv1txw8AWXjU,NRT_phase3,0,趴,5,3,B,colon,0,,91e75cf4c2d34faf12c1fddd9c416193
NRT_phase3_recv2fQd7sBO68,NRT_phase3,0,趴,9,3,B,colon,0,,19cbbb9624a0a46beb9877c46d6f4c69
NUC_phase1_recv4XiV4BvTHi,NUC_phase1,1,爆,3,3,B,colon,0,,a1f5e5b0420ba457e2809b70392e4223
NUC_phase1_recv3IMX1ogAS6,NUC_phase1,1,爆,7,3,B,colon,0,,e79f586c66fbbf49769b846246088cd6
NUC_phase1_recv3IP6jatSmv,NUC_phase1,0,趴,1,3,B,colon,0,,e843e227b8f319bf9b001e0428986efe
NUC_phase1_recv47G0uF5p7G,NUC_phase1,0,趴,5,3,B,colon,0,,d26b974985e2f82e1ad146b75003ed25
NUC_phase1_recv1HmOGdnJB5,NUC_phase1,0,趴,9,3,B,colon,0,,fc96d92e56220b0316787f0e92d6bb8e
OKMAN_phase1_recvrd83rmHpLo,OKMAN_phase1,1,爆,3,3,B,bracket,0,,4e303d72c1bf7c718e0bed0e9aec3f08
OKMAN_phase1_recvnUQdR55UEp,OKMAN_phase1,1,爆,7,3,B,bracket,0,,5c37ca7491be6ccd8386eccca650e944
OKMAN_phase1_recvqtis0iN3Az,OKMAN_phase1,0,趴,1,3,B,bracket,0,,23de7bcf6b92dc3fb443ed7e9bfb3902
OKMAN_phase1_recvmpA0N0WhXd,OKMAN_phase1,0,趴,5,3,B,bracket,0,,b9f2586127ca09be3566b05e96b00829
OKMAN_phase1_recvmpA0N0x5gu,OKMAN_phase1,0,趴,9,3,B,bracket,0,,b416a5251e9d478a1bb5d6130acb15ba
SPX_phase1_recvrojVKWZVmO,SPX_phase1,1,大爆,3,3,B,bracket,0,,193b09af71328a193afd753a4d961c3f
SPX_phase1_recvuwbllHtMDR,SPX_phase1,1,爆,7,3,B,bracket,0,,c67625b6bc262891ba51fe5ce2358bd4
SPX_phase1_recvsxkitA9ZMU,SPX_phase1,0,趴,1,3,B,bracket,0,,7b401ec8bdf4159bf52c9a90453f9714
SPX_phase1_recvtWVFOWmGWS,SPX_phase1,0,趴,5,3,B,bracket,0,,d7878cc1b2c2f10c3344e14422c139a7
SPX_phase1_recvsxkitAg9zE,SPX_phase1,0,趴,9,3,B,bracket,0,,aa10e31729cff09254cda93cc2db2b90
NRT_phase2_recuYXUhTuU8Fv,NRT_phase2,1,爆,4,4,C,colon,0,,f7d0cceb74c3efddb0f000a34ca07af7
NRT_phase2_recuYWgEJzmNzg,NRT_phase2,1,爆,8,4,C,colon,0,,6825257a5d606d4abb50a1ddad7861f3
NRT_phase2_recuYWaet0pGni,NRT_phase2,0,趴,2,4,C,colon,0,,994185f8e08bbb5d1cbb0656d4064e77
NRT_phase2_recuZkIQtVBfYP,NRT_phase2,0,趴,6,4,C,colon,0,,aa4339e604acea7836a477851c425850
NRT_phase2_recuZ8Lij77yVC,NRT_phase2,0,趴,10,4,C,colon,0,,c8187078525236211b26ad9bad0b4f49
NRT_phase3_recv1zn0ukv6VR,NRT_phase3,1,大爆,4,4,C,colon,0,,1b03d97529e9210ec94328b983306728
NRT_phase3_recv12EsNIAVCz,NRT_phase3,1,大爆,8,4,C,colon,0,,06e07bb1ee1ecc5810a3019e9603e9a4
NRT_phase3_recv1A3EXVlWBf,NRT_phase3,0,趴,2,4,C,colon,0,,88450551452531cd4733721a5a105a74
NRT_phase3_recv1A3EXVbZxw,NRT_phase3,0,趴,6,4,C,colon,0,,dcbfd209ebf099b037077f3056e5e5e3
NRT_phase3_recv4XC68478rK,NRT_phase3,0,趴,10,4,C,colon,0,,ddca978366aa845acb4d899eb71656e1
NUC_phase1_recv4KMBEB2Ocu,NUC_phase1,1,爆,4,4,C,colon,0,,d5943167be49ad7bd29f771d12a579e2
NUC_phase1_recv4XiV4BYfPW,NUC_phase1,1,爆,8,4,C,colon,0,,29626e87f544ce8a085982fd291b9e58
NUC_phase1_recv1nDNccqHTl,NUC_phase1,0,趴,2,4,C,colon,0,,0b5298b1cc54debbad5893b30169e73d
NUC_phase1_recv46LaDAdFFc,NUC_phase1,0,趴,6,4,C,colon,0,opening_type|has_specific_time|has_specific_place|has_direct_quote|has_body_sensation|ending_asks_reader|withholds_product_name|own_experience|turning_point|judged_by_others|negative_outcome_happened,bfa353d8833eb40f2e360850c82a318e
NUC_phase1_recv59erAa3i0b,NUC_phase1,0,趴,10,4,C,colon,0,,14ecb641d3ebb50aa0250e5d2d209399
OKMAN_phase1_recvnUQdR5PC0Q,OKMAN_phase1,1,爆,4,4,C,bracket,0,,17fd677954a54d589c9bd8eb8696eda9
OKMAN_phase1_recvsE8E0MA3oc,OKMAN_phase1,1,爆,8,4,C,bracket,0,,f12618dc72a847b530aae0517e182082
OKMAN_phase1_recvnUQdR5wLCg,OKMAN_phase1,0,趴,2,4,C,bracket,0,,a6ffb28916c63cf4836ec53ba63973b1
OKMAN_phase1_recvnUQdR5htzP,OKMAN_phase1,0,趴,6,4,C,bracket,0,,73a27cad6217982e777cba79a54f8400
OKMAN_phase1_recvoyQzJgjFlt,OKMAN_phase1,0,趴,10,4,C,bracket,0,,5ce215e91c9824456bcd8fe36d3ccff9
SPX_phase1_recvtWVFOWYjUk,SPX_phase1,1,爆,4,4,C,bracket,0,,660ab0f332ab44032751e0e8637f4961
SPX_phase1_recvuwbllH0Bvy,SPX_phase1,1,大爆,8,4,C,bracket,0,,cee8feee8bab2a32c49715d5b2f21101
SPX_phase1_recvqYjVCvnFU6,SPX_phase1,0,趴,2,4,C,bracket,0,,17e8fc0e1c89be3a01019f7efd249984
SPX_phase1_recvsxkitAXte2,SPX_phase1,0,趴,6,4,C,bracket,0,,8b0b44132ca7f8c9f4ad0e056b3313b5
SPX_phase1_recvrQTXmy1tP7,SPX_phase1,0,趴,10,4,C,bracket,0,,0d29843c497a7ea20dea2f2ccc2fa4da
